id,service_id,image_url,alt_text,display_order,created_at,sub_category
008c343b-5879-49bb-82f8-fd8c1972312a,6a278f01-20d3-4466-90fb-7eef03467273,https://enkyolmjklvryvnzsmvt.supabase.co/storage/v1/object/public/media/services/indoor-studio-photography/1782567170778-bnwm49yh4lt.jpg,,44,2026-06-27 13:34:25.603174+00,candid
0174ad63-104f-4c58-85e3-eeec9a10d773,e4ec1747-50bb-47d0-807d-19bb3c4eab6c,https://enkyolmjklvryvnzsmvt.supabase.co/storage/v1/object/public/media/services/wedding-photography/1782564809491-ipqn2hirvx.JPG,,65,2026-06-27 12:53:36.461266+00,candid
020c844e-4c17-48e0-940c-e53ada8ecd80,6a278f01-20d3-4466-90fb-7eef03467273,https://enkyolmjklvryvnzsmvt.supabase.co/storage/v1/object/public/media/services/indoor-studio-photography/1782567247957-9tzpyk7ttj.jpg,,119,2026-06-27 13:34:25.603174+00,candid
024398aa-b88d-4c15-af8b-a5eb8b1b306c,6a278f01-20d3-4466-90fb-7eef03467273,https://enkyolmjklvryvnzsmvt.supabase.co/storage/v1/object/public/media/services/indoor-studio-photography/1782567185322-lrle5ycrku.jpg,,61,2026-06-27 13:34:25.603174+00,candid
0262d688-5ad2-46aa-b6f6-f533641f7824,e4ec1747-50bb-47d0-807d-19bb3c4eab6c,https://enkyolmjklvryvnzsmvt.supabase.co/storage/v1/object/public/media/services/wedding-photography/1782566172455-oqy8vmz6rh.JPG,,131,2026-06-27 13:16:41.481048+00,candid
03d43cd8-b6f2-48e7-a23d-7b54ba9a0a39,e4ec1747-50bb-47d0-807d-19bb3c4eab6c,https://enkyolmjklvryvnzsmvt.supabase.co/storage/v1/object/public/media/services/wedding-photography/1782564781017-36stybjlkf9.JPG,,46,2026-06-27 12:53:36.461266+00,candid
0654e78e-b667-46a9-8ebb-898d6ff83acc,e4ec1747-50bb-47d0-807d-19bb3c4eab6c,https://enkyolmjklvryvnzsmvt.supabase.co/storage/v1/object/public/media/services/wedding-photography/1782565094694-6do1d6fztum.JPG,,95,2026-06-27 12:58:28.453414+00,candid
0664bdf6-f168-487d-b969-16d7ae13c98a,6a278f01-20d3-4466-90fb-7eef03467273,https://enkyolmjklvryvnzsmvt.supabase.co/storage/v1/object/public/media/services/indoor-studio-photography/1782567156259-ckccim3uppv.jpg,,29,2026-06-27 13:34:25.603174+00,candid
0669f705-0291-4693-81f1-a066d4df7607,e4ec1747-50bb-47d0-807d-19bb3c4eab6c,https://enkyolmjklvryvnzsmvt.supabase.co/storage/v1/object/public/media/services/wedding-photography/1782565044717-r66mdey7cjf.JPG,,71,2026-06-27 12:58:28.453414+00,candid
07e4776f-402c-4244-99fb-6ef71c6389dd,e4ec1747-50bb-47d0-807d-19bb3c4eab6c,https://enkyolmjklvryvnzsmvt.supabase.co/storage/v1/object/public/media/services/wedding-photography/1782566192846-hs4okr493mh.JPG,,142,2026-06-27 13:16:41.481048+00,candid
080e704b-f43f-4bad-8d95-aaff75f628f2,6a278f01-20d3-4466-90fb-7eef03467273,https://enkyolmjklvryvnzsmvt.supabase.co/storage/v1/object/public/media/services/indoor-studio-photography/1782567132318-9oxywyvlfwb.jpg,,6,2026-06-27 13:34:25.603174+00,candid
09e7d1c7-7ffd-442c-b56e-605fa19b14c4,e4ec1747-50bb-47d0-807d-19bb3c4eab6c,https://enkyolmjklvryvnzsmvt.supabase.co/storage/v1/object/public/media/services/wedding-photography/1782564374787-hmmalx12ym.JPG,,4,2026-06-27 12:46:48.972472+00,candid
0af56595-a4d2-44eb-83cd-06b4a679f50c,6a278f01-20d3-4466-90fb-7eef03467273,https://enkyolmjklvryvnzsmvt.supabase.co/storage/v1/object/public/media/services/indoor-studio-photography/1782567206360-pgma88ui8bk.jpg,,79,2026-06-27 13:34:25.603174+00,candid
0b594c08-b1cb-49a0-9ca1-6cad2f9055b0,6a278f01-20d3-4466-90fb-7eef03467273,https://enkyolmjklvryvnzsmvt.supabase.co/storage/v1/object/public/media/services/indoor-studio-photography/1782567198584-6ihexih1ney.jpg,,72,2026-06-27 13:34:25.603174+00,candid
0b7e10f2-442a-4dc8-b6b4-3fb7b6c7fd95,e4ec1747-50bb-47d0-807d-19bb3c4eab6c,https://enkyolmjklvryvnzsmvt.supabase.co/storage/v1/object/public/media/services/wedding-photography/1782564585414-ucuhmxnbxes.JPG,,27,2026-06-27 12:50:14.426436+00,candid
0cd08737-8193-4842-8346-168657ace2b6,6a278f01-20d3-4466-90fb-7eef03467273,https://enkyolmjklvryvnzsmvt.supabase.co/storage/v1/object/public/media/services/indoor-studio-photography/1782567131030-l522ui8mtcr.jpg,,5,2026-06-27 13:34:25.603174+00,candid
0d8af225-2836-4f88-a7a6-f057eb2bf7c7,e4ec1747-50bb-47d0-807d-19bb3c4eab6c,https://enkyolmjklvryvnzsmvt.supabase.co/storage/v1/object/public/media/services/wedding-photography/1782566042735-qbgb3tcr87i.JPG,,129,2026-06-27 13:14:06.311641+00,candid
0de62ff4-9471-4fd9-a3d2-92ecff898433,6a278f01-20d3-4466-90fb-7eef03467273,https://enkyolmjklvryvnzsmvt.supabase.co/storage/v1/object/public/media/services/indoor-studio-photography/1782567172111-cigminf6gv.jpg,,46,2026-06-27 13:34:25.603174+00,candid
0e0ca9e7-7214-45a3-8646-c1abf79e3ed4,6a278f01-20d3-4466-90fb-7eef03467273,https://enkyolmjklvryvnzsmvt.supabase.co/storage/v1/object/public/media/services/indoor-studio-photography/1782567186282-ofr2f1okvf.jpg,,62,2026-06-27 13:34:25.603174+00,candid
0f0c3ec5-e956-43e7-8ebc-bf8cf2328057,e4ec1747-50bb-47d0-807d-19bb3c4eab6c,https://enkyolmjklvryvnzsmvt.supabase.co/storage/v1/object/public/media/services/wedding-photography/1782565965716-6vqcx44za7u.JPG,,120,2026-06-27 13:13:05.953382+00,candid
0fb22a73-8820-4c18-a506-b9e11ce33df2,e4ec1747-50bb-47d0-807d-19bb3c4eab6c,https://enkyolmjklvryvnzsmvt.supabase.co/storage/v1/object/public/media/services/wedding-photography/1782564367180-5yiegez1ej.JPG,,1,2026-06-27 12:46:48.972472+00,candid
0fb59f92-0d42-4866-b415-2727ab58171c,6a278f01-20d3-4466-90fb-7eef03467273,https://enkyolmjklvryvnzsmvt.supabase.co/storage/v1/object/public/media/services/indoor-studio-photography/1782567217040-x3v3s33s4za.jpg,,86,2026-06-27 13:34:25.603174+00,candid
10ccaafb-8b5d-431c-8d34-badf27505d8a,e4ec1747-50bb-47d0-807d-19bb3c4eab6c,https://enkyolmjklvryvnzsmvt.supabase.co/storage/v1/object/public/media/services/wedding-photography/1782564597988-dns0b5gus0o.JPG,,32,2026-06-27 12:50:14.426436+00,candid
1231d65e-d60b-4292-a518-fe755b76429d,e4ec1747-50bb-47d0-807d-19bb3c4eab6c,https://enkyolmjklvryvnzsmvt.supabase.co/storage/v1/object/public/media/services/wedding-photography/1782565939501-yeqcnv4c1he.JPG,,106,2026-06-27 13:13:05.953382+00,candid
13147f4c-a637-48b8-885e-a2333adb34dc,6a278f01-20d3-4466-90fb-7eef03467273,https://enkyolmjklvryvnzsmvt.supabase.co/storage/v1/object/public/media/services/indoor-studio-photography/1782567166377-s1r48vkx91.jpg,,39,2026-06-27 13:34:25.603174+00,candid
1356139f-f54f-425c-9855-be4f0751f66d,6a278f01-20d3-4466-90fb-7eef03467273,https://enkyolmjklvryvnzsmvt.supabase.co/storage/v1/object/public/media/services/indoor-studio-photography/1782567159659-e2ertra2huf.jpg,,33,2026-06-27 13:34:25.603174+00,candid
1629fb85-0f75-4a25-8951-5dc793ba5263,6a278f01-20d3-4466-90fb-7eef03467273,https://enkyolmjklvryvnzsmvt.supabase.co/storage/v1/object/public/media/services/indoor-studio-photography/1782567200695-ggutpe27jdj.jpg,,74,2026-06-27 13:34:25.603174+00,candid
16f1253b-3e8a-4aa7-b5d6-f85cbed0de1c,6a278f01-20d3-4466-90fb-7eef03467273,https://enkyolmjklvryvnzsmvt.supabase.co/storage/v1/object/public/media/services/indoor-studio-photography/1782567145578-pquukxkdbk.jpg,,19,2026-06-27 13:34:25.603174+00,candid
17245cb7-e881-475a-9ac1-51820f65c09e,e4ec1747-50bb-47d0-807d-19bb3c4eab6c,https://enkyolmjklvryvnzsmvt.supabase.co/storage/v1/object/public/media/services/wedding-photography/1782565062696-9rvaof2xx8l.JPG,,80,2026-06-27 12:58:28.453414+00,candid
17c5a868-8bcd-425a-9f2b-0095616be79d,e4ec1747-50bb-47d0-807d-19bb3c4eab6c,https://enkyolmjklvryvnzsmvt.supabase.co/storage/v1/object/public/media/services/wedding-photography/1782565977210-yjbj9exchen.JPG,,125,2026-06-27 13:13:05.953382+00,candid
198aa6ce-2dc0-41b1-8e62-5457a46c0393,6a278f01-20d3-4466-90fb-7eef03467273,https://enkyolmjklvryvnzsmvt.supabase.co/storage/v1/object/public/media/services/indoor-studio-photography/1782567171480-023kib18tlel.jpg,,45,2026-06-27 13:34:25.603174+00,candid
1aa67ea9-5eff-4630-bf0b-f966cfebb4bf,6a278f01-20d3-4466-90fb-7eef03467273,https://enkyolmjklvryvnzsmvt.supabase.co/storage/v1/object/public/media/services/indoor-studio-photography/1782567143802-98o9iq3as5p.jpg,,17,2026-06-27 13:34:25.603174+00,candid
1adb7441-1fd5-4cd5-8ddf-0fd0b57cf000,e4ec1747-50bb-47d0-807d-19bb3c4eab6c,https://enkyolmjklvryvnzsmvt.supabase.co/storage/v1/object/public/media/services/wedding-photography/1782565948607-61ttzui6sjh.JPG,,111,2026-06-27 13:13:05.953382+00,candid
1ce2051d-afb3-48e5-9214-2a05782150d0,e4ec1747-50bb-47d0-807d-19bb3c4eab6c,https://enkyolmjklvryvnzsmvt.supabase.co/storage/v1/object/public/media/services/wedding-photography/1782565945041-99p9oe8hsy.JPG,,109,2026-06-27 13:13:05.953382+00,candid
1d125f65-7d98-422f-a0ee-589ca9a8a6b0,e4ec1747-50bb-47d0-807d-19bb3c4eab6c,https://enkyolmjklvryvnzsmvt.supabase.co/storage/v1/object/public/media/services/wedding-photography/1782564776382-zjy7alxkic.JPG,,43,2026-06-27 12:53:36.461266+00,candid
1d4ac122-0220-4275-9f24-a53b0522a6ae,e4ec1747-50bb-47d0-807d-19bb3c4eab6c,https://enkyolmjklvryvnzsmvt.supabase.co/storage/v1/object/public/media/services/wedding-photography/1782565089581-8qzspkefvgd.JPG,,93,2026-06-27 12:58:28.453414+00,candid
1da00abf-40f9-408c-8253-178caf9be3dd,6a278f01-20d3-4466-90fb-7eef03467273,https://enkyolmjklvryvnzsmvt.supabase.co/storage/v1/object/public/media/services/indoor-studio-photography/1782567219061-1fapnkd0n5v.jpg,,88,2026-06-27 13:34:25.603174+00,candid
2004cf24-39b2-4dd1-b610-5ca67d241a8f,e4ec1747-50bb-47d0-807d-19bb3c4eab6c,https://enkyolmjklvryvnzsmvt.supabase.co/storage/v1/object/public/media/services/wedding-photography/1782564372573-tcbqqi56b1.JPG,,3,2026-06-27 12:46:48.972472+00,candid
20071af1-a9f3-4f4f-ba23-b5698afe9e09,6a278f01-20d3-4466-90fb-7eef03467273,https://enkyolmjklvryvnzsmvt.supabase.co/storage/v1/object/public/media/services/indoor-studio-photography/1782567184422-noda6mm076.jpg,,60,2026-06-27 13:34:25.603174+00,candid
200bdaa5-787a-4582-9090-5e96cbe8b99a,6a278f01-20d3-4466-90fb-7eef03467273,https://enkyolmjklvryvnzsmvt.supabase.co/storage/v1/object/public/media/services/indoor-studio-photography/1782567182664-u6v9ie7e43o.jpg,,59,2026-06-27 13:34:25.603174+00,candid
22fd7a9c-3985-46a1-b184-a5b7c43549e0,6a278f01-20d3-4466-90fb-7eef03467273,https://enkyolmjklvryvnzsmvt.supabase.co/storage/v1/object/public/media/services/indoor-studio-photography/1782567129045-6tl9x8vcbmx.jpg,,3,2026-06-27 13:34:25.603174+00,candid
25a8c328-1c51-4b1f-a919-86dbe4c4223a,e4ec1747-50bb-47d0-807d-19bb3c4eab6c,https://enkyolmjklvryvnzsmvt.supabase.co/storage/v1/object/public/media/services/wedding-photography/1782565073322-50ma0lb8rwc.JPG,,85,2026-06-27 12:58:28.453414+00,candid
26030805-7693-44d4-b1c7-2de383e77331,e4ec1747-50bb-47d0-807d-19bb3c4eab6c,https://enkyolmjklvryvnzsmvt.supabase.co/storage/v1/object/public/media/services/wedding-photography/1782564595275-6iekataq9en.JPG,,31,2026-06-27 12:50:14.426436+00,candid
274cc9b0-2e67-4b8a-8bb0-bc66c9f45252,6a278f01-20d3-4466-90fb-7eef03467273,https://enkyolmjklvryvnzsmvt.supabase.co/storage/v1/object/public/media/services/indoor-studio-photography/1782567181734-wp65f8fyvin.jpg,,58,2026-06-27 13:34:25.603174+00,candid
2a25f369-4621-451f-8629-1982590b7819,6a278f01-20d3-4466-90fb-7eef03467273,https://enkyolmjklvryvnzsmvt.supabase.co/storage/v1/object/public/media/services/indoor-studio-photography/1782567231826-q75i6sakkxp.jpg,,103,2026-06-27 13:34:25.603174+00,candid
2a5a58b2-a842-414b-940a-6732bc763e6e,6a278f01-20d3-4466-90fb-7eef03467273,https://enkyolmjklvryvnzsmvt.supabase.co/storage/v1/object/public/media/services/indoor-studio-photography/1782567167770-mx6le1xa5dr.jpg,,41,2026-06-27 13:34:25.603174+00,candid
2bc1ddf7-9eb2-4f23-bebe-5a36f1842a2c,e4ec1747-50bb-47d0-807d-19bb3c4eab6c,https://enkyolmjklvryvnzsmvt.supabase.co/storage/v1/object/public/media/services/wedding-photography/1782565100917-lz9gvfse6mi.JPG,,98,2026-06-27 12:58:28.453414+00,candid
2d699693-f55b-4c4f-b17d-bc400c4d73b8,e4ec1747-50bb-47d0-807d-19bb3c4eab6c,https://enkyolmjklvryvnzsmvt.supabase.co/storage/v1/object/public/media/services/wedding-photography/1782565946737-m9flqvjlyc8.JPG,,110,2026-06-27 13:13:05.953382+00,candid
2dbc7d92-7e7f-4ccc-a6ff-ae013c5f96e7,6a278f01-20d3-4466-90fb-7eef03467273,https://enkyolmjklvryvnzsmvt.supabase.co/storage/v1/object/public/media/services/indoor-studio-photography/1782567255610-0uv73eyest5a.jpg,,125,2026-06-27 13:34:25.603174+00,candid
2fde323c-5aee-4289-8898-4665501a5380,e4ec1747-50bb-47d0-807d-19bb3c4eab6c,https://enkyolmjklvryvnzsmvt.supabase.co/storage/v1/object/public/media/services/wedding-photography/1782566188896-4y2ukz2rktl.JPG,,139,2026-06-27 13:16:41.481048+00,candid
3065e426-bc52-4f85-b7d0-a94a00facb6b,6a278f01-20d3-4466-90fb-7eef03467273,https://enkyolmjklvryvnzsmvt.supabase.co/storage/v1/object/public/media/services/indoor-studio-photography/1782567259294-mfolesr896.jpg,,128,2026-06-27 13:34:25.603174+00,candid
30eef867-7f3e-4eae-a09b-b106f0549717,e4ec1747-50bb-47d0-807d-19bb3c4eab6c,https://enkyolmjklvryvnzsmvt.supabase.co/storage/v1/object/public/media/services/wedding-photography/1782566197293-fwludbjshxr.JPG,,145,2026-06-27 13:16:41.481048+00,candid
30fa0189-ce5c-434a-8d96-46625a65f68e,6a278f01-20d3-4466-90fb-7eef03467273,https://enkyolmjklvryvnzsmvt.supabase.co/storage/v1/object/public/media/services/indoor-studio-photography/1782567230710-l2ucrr91ryn.jpg,,102,2026-06-27 13:34:25.603174+00,candid
31cd1f5b-d480-4b94-84d1-6c1cea80a108,e4ec1747-50bb-47d0-807d-19bb3c4eab6c,https://enkyolmjklvryvnzsmvt.supabase.co/storage/v1/object/public/media/services/wedding-photography/1782564789333-8xnyz5r223.JPG,,51,2026-06-27 12:53:36.461266+00,candid
328be039-a85e-488a-94bd-d6bcf1c90521,e4ec1747-50bb-47d0-807d-19bb3c4eab6c,https://enkyolmjklvryvnzsmvt.supabase.co/storage/v1/object/public/media/services/wedding-photography/1782566198770-dor5y3fbd3u.JPG,,146,2026-06-27 13:16:41.481048+00,candid
32bc958c-0c2f-43b1-b300-88b4a02d6136,6a278f01-20d3-4466-90fb-7eef03467273,https://enkyolmjklvryvnzsmvt.supabase.co/storage/v1/object/public/media/services/indoor-studio-photography/1782567191481-2u7nvb5jbpn.jpg,,67,2026-06-27 13:34:25.603174+00,candid
32d61b4a-638f-4203-8f50-a3ca07541f3b,6a278f01-20d3-4466-90fb-7eef03467273,https://enkyolmjklvryvnzsmvt.supabase.co/storage/v1/object/public/media/services/indoor-studio-photography/1782567154100-bb7dubkxw0t.jpg,,27,2026-06-27 13:34:25.603174+00,candid
337dca06-7eb9-47fe-8da2-883de5fa81f8,6a278f01-20d3-4466-90fb-7eef03467273,https://enkyolmjklvryvnzsmvt.supabase.co/storage/v1/object/public/media/services/indoor-studio-photography/1782567204883-4v3upbcurhu.jpg,,78,2026-06-27 13:34:25.603174+00,candid
33ffd528-91e9-46bf-a560-6e338926489a,e4ec1747-50bb-47d0-807d-19bb3c4eab6c,https://enkyolmjklvryvnzsmvt.supabase.co/storage/v1/object/public/media/services/wedding-photography/1782564387308-qv1vrvc7o9.JPG,,11,2026-06-27 12:46:48.972472+00,candid
34f81be1-2bfe-4973-8d18-d36c97ed225d,6a278f01-20d3-4466-90fb-7eef03467273,https://enkyolmjklvryvnzsmvt.supabase.co/storage/v1/object/public/media/services/indoor-studio-photography/1782567216312-78lx5uuqwoj.jpg,,85,2026-06-27 13:34:25.603174+00,candid
356a9b92-615a-4adf-bae1-a6394fd08bdc,e4ec1747-50bb-47d0-807d-19bb3c4eab6c,https://enkyolmjklvryvnzsmvt.supabase.co/storage/v1/object/public/media/services/wedding-photography/1782565075016-h23ievzapwd.JPG,,86,2026-06-27 12:58:28.453414+00,candid
3689f222-61bc-47ca-8b58-0b7169dff058,e4ec1747-50bb-47d0-807d-19bb3c4eab6c,https://enkyolmjklvryvnzsmvt.supabase.co/storage/v1/object/public/media/services/wedding-photography/1782565963681-kkz4n0uexf.JPG,,119,2026-06-27 13:13:05.953382+00,candid
36be46db-b808-49fa-b8d9-2ba394968ff8,6a278f01-20d3-4466-90fb-7eef03467273,https://enkyolmjklvryvnzsmvt.supabase.co/storage/v1/object/public/media/services/indoor-studio-photography/1782567156986-nev0j9alfs.jpg,,30,2026-06-27 13:34:25.603174+00,candid
37126de5-83e9-466e-8979-ca3960d9e335,6a278f01-20d3-4466-90fb-7eef03467273,https://enkyolmjklvryvnzsmvt.supabase.co/storage/v1/object/public/media/services/indoor-studio-photography/1782567149647-eobgcywzmv6.jpg,,23,2026-06-27 13:34:25.603174+00,candid
377a02c4-e857-4051-a171-5da1d715db3c,6a278f01-20d3-4466-90fb-7eef03467273,https://enkyolmjklvryvnzsmvt.supabase.co/storage/v1/object/public/media/services/indoor-studio-photography/1782567148914-3mj7y3n168v.jpg,,22,2026-06-27 13:34:25.603174+00,candid
37d38541-b3d6-4cd7-ba02-e83bafe47ce4,6a278f01-20d3-4466-90fb-7eef03467273,https://enkyolmjklvryvnzsmvt.supabase.co/storage/v1/object/public/media/services/indoor-studio-photography/1782567222437-exjo7hgnikt.jpg,,92,2026-06-27 13:34:25.603174+00,candid
382920b8-aebe-4146-bd07-9fcef8a36694,e4ec1747-50bb-47d0-807d-19bb3c4eab6c,https://enkyolmjklvryvnzsmvt.supabase.co/storage/v1/object/public/media/services/wedding-photography/1782565942827-qbrc7qjngb.JPG,,108,2026-06-27 13:13:05.953382+00,candid
38bbaf52-66b6-467f-8d70-0a2d9808cb44,e4ec1747-50bb-47d0-807d-19bb3c4eab6c,https://enkyolmjklvryvnzsmvt.supabase.co/storage/v1/object/public/media/services/wedding-photography/1782564815585-8v6ioea3gp2.JPG,,69,2026-06-27 12:53:36.461266+00,candid
39170b80-7dfd-44ee-a24d-d3dee6363588,6a278f01-20d3-4466-90fb-7eef03467273,https://enkyolmjklvryvnzsmvt.supabase.co/storage/v1/object/public/media/services/indoor-studio-photography/1782567260290-nvn1xsuevgp.jpg,,129,2026-06-27 13:34:25.603174+00,candid
395ce35e-149f-43c6-a2c9-b1986cfb964f,e4ec1747-50bb-47d0-807d-19bb3c4eab6c,https://enkyolmjklvryvnzsmvt.supabase.co/storage/v1/object/public/media/services/wedding-photography/1782564811196-7eg85s7piok.JPG,,66,2026-06-27 12:53:36.461266+00,candid
3b4b4fbc-2c1f-4e37-a7e4-a9c58544c768,babacfc7-b464-422c-9cbe-6b7efd3066bb,https://enkyolmjklvryvnzsmvt.supabase.co/storage/v1/object/public/media/services/engagement-photography/1779859543428-tenh7c86cj.webp,,1,2026-05-27 05:25:44.293185+00,
3be9a482-a828-42b5-ae53-9377d08c396f,6a278f01-20d3-4466-90fb-7eef03467273,https://enkyolmjklvryvnzsmvt.supabase.co/storage/v1/object/public/media/services/indoor-studio-photography/1782567154748-77k2gy7ypeo.jpg,,28,2026-06-27 13:34:25.603174+00,candid
3bef1fce-a676-4eb5-b2b9-aca696a17c8e,e4ec1747-50bb-47d0-807d-19bb3c4eab6c,https://enkyolmjklvryvnzsmvt.supabase.co/storage/v1/object/public/media/services/wedding-photography/1782564586546-lpgfbbjoq7t.JPG,,28,2026-06-27 12:50:14.426436+00,candid
3ca46829-9d26-4aa2-8ca5-5e05cb5aeabd,e4ec1747-50bb-47d0-807d-19bb3c4eab6c,https://enkyolmjklvryvnzsmvt.supabase.co/storage/v1/object/public/media/services/wedding-photography/1782564803306-trieisy6la.JPG,,61,2026-06-27 12:53:36.461266+00,candid
3e42c942-d507-4f4a-be39-a08a6e8a1d8c,babacfc7-b464-422c-9cbe-6b7efd3066bb,https://enkyolmjklvryvnzsmvt.supabase.co/storage/v1/object/public/media/services/engagement-photography/1779859585292-a6rwa24b1z7.webp,,3,2026-05-27 05:26:25.568995+00,
405bcb96-d840-4679-8172-ffb005d0b841,6a278f01-20d3-4466-90fb-7eef03467273,https://enkyolmjklvryvnzsmvt.supabase.co/storage/v1/object/public/media/services/indoor-studio-photography/1782567178961-t0w358dotd.jpg,,55,2026-06-27 13:34:25.603174+00,candid
4148faf8-c6a4-4e07-b1cb-ff6d21de8c9a,6a278f01-20d3-4466-90fb-7eef03467273,https://enkyolmjklvryvnzsmvt.supabase.co/storage/v1/object/public/media/services/indoor-studio-photography/1782567147987-35slenqlanf.jpg,,21,2026-06-27 13:34:25.603174+00,candid
42a04fed-e2b5-4565-9914-06adee93a11c,79b82da9-c689-4f7e-b01c-310789c7cec8,https://enkyolmjklvryvnzsmvt.supabase.co/storage/v1/object/public/media/services/children-photography/1779861571869-a6y2ei42qr9.webp,,4,2026-05-27 05:59:33.034867+00,
469b5e3d-7720-4a83-b80e-ffa29e7120be,6a278f01-20d3-4466-90fb-7eef03467273,https://enkyolmjklvryvnzsmvt.supabase.co/storage/v1/object/public/media/services/indoor-studio-photography/1782567140812-guwedk2huwq.jpg,,14,2026-06-27 13:34:25.603174+00,candid
46eb3c98-98c2-4806-a288-272d96a52a33,e4ec1747-50bb-47d0-807d-19bb3c4eab6c,https://enkyolmjklvryvnzsmvt.supabase.co/storage/v1/object/public/media/services/wedding-photography/1782565103074-h6710j1rtol.JPG,,99,2026-06-27 12:58:28.453414+00,candid
490589cd-cf69-4214-bbea-0ab204fbe013,6a278f01-20d3-4466-90fb-7eef03467273,https://enkyolmjklvryvnzsmvt.supabase.co/storage/v1/object/public/media/services/indoor-studio-photography/1782567196166-wnx4zjmhdal.jpg,,70,2026-06-27 13:34:25.603174+00,candid
49cdc10c-d294-4049-81fc-708965986fc6,6a278f01-20d3-4466-90fb-7eef03467273,https://enkyolmjklvryvnzsmvt.supabase.co/storage/v1/object/public/media/services/indoor-studio-photography/1782567178020-otuxx6bt53c.jpg,,54,2026-06-27 13:34:25.603174+00,candid
4a23f186-1fb6-4ead-a7d7-63955fed94b7,6a278f01-20d3-4466-90fb-7eef03467273,https://enkyolmjklvryvnzsmvt.supabase.co/storage/v1/object/public/media/services/indoor-studio-photography/1782567153395-efugac2ghfp.jpg,,26,2026-06-27 13:34:25.603174+00,candid
4b34af83-1276-47fa-85f8-34dba443273d,6a278f01-20d3-4466-90fb-7eef03467273,https://enkyolmjklvryvnzsmvt.supabase.co/storage/v1/object/public/media/services/indoor-studio-photography/1782567221854-fw2lt180fj8.jpg,,91,2026-06-27 13:34:25.603174+00,candid
4baab174-13cb-493e-9f2f-2669ad9b426f,6a278f01-20d3-4466-90fb-7eef03467273,https://enkyolmjklvryvnzsmvt.supabase.co/storage/v1/object/public/media/services/indoor-studio-photography/1782567180679-39y5x978b5v.jpg,,57,2026-06-27 13:34:25.603174+00,candid
4d3d12a9-8f6f-4457-9315-72a37ae5a122,6a278f01-20d3-4466-90fb-7eef03467273,https://enkyolmjklvryvnzsmvt.supabase.co/storage/v1/object/public/media/services/indoor-studio-photography/1782567263174-735pcpe6zgu.jpg,,132,2026-06-27 13:34:25.603174+00,candid
4f2d8bb9-0d4d-43f4-99be-e2950cc9787d,e4ec1747-50bb-47d0-807d-19bb3c4eab6c,https://enkyolmjklvryvnzsmvt.supabase.co/storage/v1/object/public/media/services/wedding-photography/1782564379922-lvyh4axat5d.JPG,,7,2026-06-27 12:46:48.972472+00,candid
4fa956cc-c8f1-48cb-b965-96e224067a2b,e4ec1747-50bb-47d0-807d-19bb3c4eab6c,https://enkyolmjklvryvnzsmvt.supabase.co/storage/v1/object/public/media/services/wedding-photography/1782564390723-s5qffq28qp.JPG,,13,2026-06-27 12:46:48.972472+00,candid
4fe7e554-c072-412c-8f58-196f5545ee99,babacfc7-b464-422c-9cbe-6b7efd3066bb,https://enkyolmjklvryvnzsmvt.supabase.co/storage/v1/object/public/media/services/engagement-photography/1779859581811-6rxmgjvp13d.webp,,2,2026-05-27 05:26:22.078854+00,
5042633c-30b4-4313-a0e2-ae7d6bc20e0f,e4ec1747-50bb-47d0-807d-19bb3c4eab6c,https://enkyolmjklvryvnzsmvt.supabase.co/storage/v1/object/public/media/services/wedding-photography/1782564401030-ce4xwd169z7.JPG,,17,2026-06-27 12:46:48.972472+00,candid
50f0fbbd-1d87-4f0a-a7db-de133d2c68c6,6a278f01-20d3-4466-90fb-7eef03467273,https://enkyolmjklvryvnzsmvt.supabase.co/storage/v1/object/public/media/services/indoor-studio-photography/1782567143243-23gvppgbxb2.jpg,,16,2026-06-27 13:34:25.603174+00,candid
514bb315-7dda-4812-a3a0-82067288e6ae,6a278f01-20d3-4466-90fb-7eef03467273,https://enkyolmjklvryvnzsmvt.supabase.co/storage/v1/object/public/media/services/indoor-studio-photography/1782567168668-fndicqp8cs.jpg,,42,2026-06-27 13:34:25.603174+00,candid
51a27718-99d0-433a-8aeb-042172572905,6a278f01-20d3-4466-90fb-7eef03467273,https://enkyolmjklvryvnzsmvt.supabase.co/storage/v1/object/public/media/services/indoor-studio-photography/1782567228669-qpiwquf2gms.jpg,,99,2026-06-27 13:34:25.603174+00,candid
523ad740-465a-4e91-9498-c08ac64c6e6e,6a278f01-20d3-4466-90fb-7eef03467273,https://enkyolmjklvryvnzsmvt.supabase.co/storage/v1/object/public/media/services/indoor-studio-photography/1782567225753-909ztw5xxid.jpg,,96,2026-06-27 13:34:25.603174+00,candid
538edf5d-1ce1-41a4-9ad4-6eeb00f77b42,e4ec1747-50bb-47d0-807d-19bb3c4eab6c,https://enkyolmjklvryvnzsmvt.supabase.co/storage/v1/object/public/media/services/wedding-photography/1782565076264-ss5wal1bs3.JPG,,87,2026-06-27 12:58:28.453414+00,candid
541bef93-f88c-431b-83c2-932b852751d4,e4ec1747-50bb-47d0-807d-19bb3c4eab6c,https://enkyolmjklvryvnzsmvt.supabase.co/storage/v1/object/public/media/services/wedding-photography/1782564792559-zjjue8d9roe.JPG,,53,2026-06-27 12:53:36.461266+00,candid
56598150-5102-4097-811b-284e7951d3be,6a278f01-20d3-4466-90fb-7eef03467273,https://enkyolmjklvryvnzsmvt.supabase.co/storage/v1/object/public/media/services/indoor-studio-photography/1782567224005-tusizy05c9d.jpg,,94,2026-06-27 13:34:25.603174+00,candid
5738c2f2-dd6e-4626-9dae-02c4c0a20cbe,6a278f01-20d3-4466-90fb-7eef03467273,https://enkyolmjklvryvnzsmvt.supabase.co/storage/v1/object/public/media/services/indoor-studio-photography/1782567179642-irfmo3zfmv8.jpg,,56,2026-06-27 13:34:25.603174+00,candid
5745f66b-8f0c-4ee1-8d4b-a2290788c366,6a278f01-20d3-4466-90fb-7eef03467273,https://enkyolmjklvryvnzsmvt.supabase.co/storage/v1/object/public/media/services/indoor-studio-photography/1782567144433-6xkbld7wdhi.jpg,,18,2026-06-27 13:34:25.603174+00,candid
589e6ca7-963f-41d7-972e-2123ee473e6c,6a278f01-20d3-4466-90fb-7eef03467273,https://enkyolmjklvryvnzsmvt.supabase.co/storage/v1/object/public/media/services/indoor-studio-photography/1782567220012-0ccx58ehf27i.jpg,,89,2026-06-27 13:34:25.603174+00,candid