id,studio_name,tagline,phone,email,address,working_hours,sunday_hours,instagram_url,facebook_url,youtube_url,whatsapp_number,google_map_embed_url,created_at,updated_at,privacy_policy
63bb8c2a-3471-4f40-aca8-4ea8740af25d,Venner Photo Studio,Capturing Timeless Moments with Cinematic Elegance,+91 98259 83437,vennerphoto@gmail.com,"B-27 Rangdarshan So-1, Dhanmora, Katargam, Surat",Mon - Sat: 9:00 AM - 8:00 PM,Available By Appointment Only,https://www.instagram.com/vennerphoto?igsh=cW53NnFuNjduanVj,https://www.facebook.com/share/18frTUd7PD/,https://m.youtube.com/@vennerphoto,919825983437,"<iframe src=""https://www.google.com/maps/embed?pb=!1m18!1m12!1m3!1d3007.3462713549743!2d72.8274729!3d21.22271945!2m3!1f0!2f0!3f0!3m2!1i1024!2i768!4f13.1!3m3!1m2!1s0x3be04ebffcf5793f%3A0xf5564469239a54e7!2sVenner%20Photo%20Studio!5e1!3m2!1sen!2sin!4v1780470051501!5m2!1sen!2sin"" width=""600"" height=""450"" style=""border:0;"" allowfullscreen="""" loading=""lazy"" referrerpolicy=""no-referrer-when-downgrade""></iframe>",2026-05-26 12:45:04.989305+00,2026-06-03 07:01:23.828+00,"### PRIVACY POLICY & TERMS

Welcome to Venner Photo Studio. We value your privacy and are committed to protecting your personal data. This policy outlines how we collect, use, and safeguard your booking information.

# 1. Information Collection
We collect details such as your name, email address, phone number, and event details when you submit an inquiry form or book a session with us. This information is exclusively used to coordinate photography sessions, process billing, and communicate with you.

# 2. Media Ownership & Usage
All photographic and motion materials captured by Venner Photo Studio remain the artistic property of the studio. Portfolios may be displayed on our official showcase channels for marketing and creative showcasing, unless mutually agreed otherwise in writing prior to the session.

# 3. Data Protection
We implement rigorous secure encryption and authentication protocols to safeguard your personal records and media metadata against unauthorized access or breaches.

# 4. Contact Us
If you have any questions, concerns, or requests regarding this policy, please reach out to us directly:

* **Email:** vennerphoto@gmail.com
* **Phone:** +91 98259 83437
* **Studio Address:** B-27 Rangdarshan So-1, Dhanmora, Katargam, Surat"